hyp,feature,kind,direction,comment,s1_p,s1_effect,s1_effect_ok,s1_p_adj,s1_pass,s2_p,s2_effect,s2_effect_ok,s2_p_adj,s2_pass,confirmed
A1,ua_nonbrowser,flag,higher,UA HTTP-библиотеки,3.124766570487704e-09,0.2761904761904762,True,7.771855316341213e-09,True,0.007053915797189148,0.15789473684210525,False,0.007513953783962353,False,False
A2,browser_lag_mode,cont,higher,отставание версии браузера,0.04168570055533386,0.5240317051337002,False,0.05860163701257079,False,,,False,,False,False
A2,browser_lag_ge_6,flag,higher,отставание не меньше 6 версий,0.146020906012081,0.08777292576419214,False,0.196722609488498,False,,,False,,False,False
A4,is_firefox,flag,two,Firefox,0.18402042960342896,0.09536082474226804,False,0.2445202968703097,False,,,False,,False,False
A5,n_distinct_ua,cont,higher,несколько UA в куке,0.7441053618835457,0.49597273818978793,False,0.9253617961885119,False,,,False,,False,False
A5,ua_switch_count,cont,higher,смены UA,0.7088924431068748,0.49662073229137527,False,0.9047706181758797,False,,,False,,False,False
A7,ua_headless,flag,higher,HeadlessChrome,2.9493433865266524e-13,0.29411764705882354,True,8.940197140408916e-13,True,2.580226240054216e-09,0.23333333333333334,False,3.950971430083019e-09,False,False
A8,app_version_rank,cont,higher,редкая версия приложения,0.9937761159374409,0.43051643192488265,False,1.0,False,,,False,,False,False
A9,is_web_mode,flag,higher,платформа web,5.635288719363142e-07,0.09902546369066331,False,1.2712162925074996e-06,False,,,False,,False,False
A10,ua_cookie_count,cont,higher,число кук с тем же UA,0.04824243953645244,0.5226067748616483,False,0.06685023764336981,False,,,False,,False,False
A10,ua_hash_bot_rate_oof,cont,higher,доля ботов по UA,1.4927083364304546e-22,0.6315738823739988,True,6.894890887321623e-22,True,1.1405036566295234e-21,0.6412214370284196,True,3.1047043986025913e-21,True,True
B1,iei_median,cont,lower,медианный интервал,1.1224747289776962e-59,0.2766167504449959,True,2.177600974216731e-58,True,5.89197564368991e-57,0.26161757426975957,True,9.623560218026853e-56,True,True
B2,iei_cv,cont,lower,коэффициент вариации интервалов,1.0,0.6357037624382675,False,1.0,False,,,False,,False,False
B2,iei_iqr_over_median,cont,lower,IQR к медиане,1.9699570907185047e-59,0.27708764665286406,True,3.1847639633282493e-58,True,6.727528276491333e-51,0.2751601994478974,True,6.592977710961507e-50,True,True
B2,iei_log_std,cont,lower,разброс log-интервалов,4.365959566793493e-22,0.3681523248282422,True,1.9249912635407674e-21,True,6.803195647903253e-18,0.3716701934352276,True,1.388985778113581e-17,True,True
B3,iei_mode_share,cont,higher,доля интервалов у моды,5.5762628526622e-36,0.6687107518513624,True,3.8635535479159535e-35,True,2.1229535055479718e-23,0.6468162747358246,True,6.501545110740664e-23,True,True
B4,iei_round_share,cont,higher,круглые периоды,1.0,0.37943935411557983,False,1.0,False,,,False,,False,False
B5,long_pause_share,cont,lower,доля пауз дольше 5 минут,1.4016843913304627e-09,0.4185219039135166,True,3.776760721084858e-09,True,5.534104388415463e-11,0.40333304543385895,True,9.350728104564058e-11,True,True
B5,max_gap_ratio,cont,lower,максимальная пауза,2.4957855639503745e-06,0.43759132260158956,True,5.502072720526962e-06,True,5.356030228407871e-06,0.4343012241656528,True,6.9064600313680445e-06,True,True
B6,iei_acf1,cont,higher,автокорреляция интервалов,4.054304515798256e-06,0.570860686027302,True,8.739278622942908e-06,True,0.019278972090971506,0.5359877488514548,False,0.02009935388207668,False,False
B7,night_share,cont,higher,ночная доля,0.00011052258829229048,0.5390683713348828,False,0.0002022771898934373,False,,,False,,False,False
B8,udist_hour_entropy,cont,higher,расстояние энтропии часов от людей,0.981155403685159,0.47192599723877,False,1.0,False,,,False,,False,False
B8,hour_entropy,ks,two,форма энтропии часов,0.006294608986017464,0.07954656514447031,False,0.009540266744432719,False,,,False,,False,False
B9,max_events_per_min,cont,higher,всплеск в минуту,7.031207891633597e-53,0.7014840394241034,True,6.820271654884589e-52,True,2.627921199867347e-49,0.7130336670750774,True,2.1461356465583333e-48,True,True
B10,udist_n_events,cont,higher,расстояние числа событий от людей,1.844484923544897e-13,0.5986871987744842,True,5.9638345861285e-13,True,5.651181292742401e-10,0.5905491062404343,True,8.932512365947665e-10,True,True
B10,n_events,ks,two,форма числа событий,2.0495914461472558e-23,0.2406216849044897,True,1.046370369875178e-22,True,2.173937055593506e-19,0.2391992879626077,True,4.841950714730991e-19,True,True
B11,udist_active_span_ratio,cont,higher,расстояние активного промежутка,0.8132002572935932,0.48789593450635055,False,0.96195640192047,False,,,False,,False,False
B12,udist_n_sessions,cont,higher,расстояние числа сессий,0.1925071698786624,0.5111235554936457,False,0.252340479435544,False,,,False,,False,False
B13,iei_share_2_15s,cont,higher,доля интервалов от 2 до 15 секунд,9.182726978943586e-44,0.6877986693358263,True,7.422704307979398e-43,True,1.4837559774405767e-41,0.6997665245993491,True,8.078226988287584e-41,True,True
B14,sec_aligned_share,cont,higher,секунды 0 и 30,2.605106442127527e-05,0.5481200681957156,False,4.9548102918896096e-05,False,,,False,,False,False
B14,minute_phase_concentration,cont,higher,концентрация по секунде минуты,1.0,0.3386135210400558,False,1.0,False,,,False,,False,False
B17,share_iei_eq_0,cont,higher,нулевые интервалы,0.010714613925263471,0.5251598069590669,False,0.015747235617432676,False,,,False,,False,False
B17,iei_min,cont,lower,минимальный интервал,3.643153762527305e-05,0.44612470163657336,True,6.79588298009901e-05,True,7.570221018706068e-05,0.4436840945506166,True,9.047337315038959e-05,True,True
B18,first_event_at_creation,flag,higher,первое событие в момент создания куки,,,False,,False,,,False,,False,False
B18,first_event_minus_created_s,cont,lower,от создания куки до первого события,5.2694158069764356e-24,0.3634617825772903,True,2.839629629315079e-23,True,3.037885379399806e-21,0.36016700494630843,True,7.834546504767921e-21,True,True
C1,created_in_window,flag,higher,кука создана в окне,,,False,,False,,,False,,False,False
C2,cookie_age_h,cont,lower,возраст куки,2.846932539822769e-23,0.3657450209675988,True,1.3807622818140432e-22,True,1.6880618837320114e-20,0.36288355548404927,True,3.93881106204136e-20,True,True
C3,cookie_age_lt_12h,flag,higher,возраст меньше 12 часов,2.837082375136752e-13,0.1989100817438692,False,8.877322270589193e-13,False,,,False,,False,False
C3,cookie_age_h,ks,two,форма возраста,9.554551519825861e-31,0.2758488984849182,True,5.7924468588944286e-30,True,3.1510288420475616e-23,0.26201459965429474,True,9.082377250607678e-23,True,True
C4,old_cookie_burst,flag,higher,старая кука со всплеском,0.0020017912783201262,0.1415525114155251,False,0.0031318347418879395,False,,,False,,False,False
C4,age_x_events,cont,two,возраст умножить на события,0.07399506574326392,0.47569394907189494,False,0.10109185038164227,False,,,False,,False,False
C5,window_weekday,cat,two,день недели окна,0.7883712623298991,0.02308832402924506,False,0.9559001555750026,False,,,False,,False,False
C6,first_event_hour,ks,two,час первого события,1.2139721164865108e-05,0.11495726159677278,True,2.4532353187331572e-05,True,0.04715325026107137,0.07012701988011705,False,0.048135609641510355,False,False
D1,serp_share,cont,higher,доля выдачи,5.357309654178998e-07,0.5663064036645649,True,1.237283420131816e-06,True,4.694863100391035e-06,0.5659356526115601,True,6.217521403220561e-06,True,True
D1,item_share,cont,lower,доля карточек,0.9999999999999992,0.6084353816387567,False,1.0,False,,,False,,False,False
D2,udist_items_per_serp,cont,higher,расстояние карточек на выдачу,0.9865988773691295,0.4699582370516325,False,1.0,False,,,False,,False,False
D2,items_per_serp,ks,two,форма карточек на выдачу,1.3084811144623922e-05,0.11459741049499567,True,2.5902585327112663e-05,True,4.675487463013317e-05,0.1185092593738526,True,5.7274721421913135e-05,True,True
D3,photo_share,cont,lower,доля фото,1.028381631192352e-15,0.3931584853900827,True,3.6945562305799316e-15,True,4.073847325343597e-18,0.37314693918804637,True,8.679066040949401e-18,True,True
D3,photos_per_item_std,cont,lower,разброс свайпов на карточку,0.001981981140956003,0.46136153490522425,False,0.0031318347418879395,False,,,False,,False,False
D4,seller_per_item,ks,two,продавец на карточку,4.248547081980666e-16,0.19899129355050216,True,1.585034872892787e-15,True,6.291461151395341e-09,0.1605446302232233,True,9.341866558132476e-09,True,True
D5,contact_intensity,cont,higher,контакты к фото и продавцу,0.20319139812437226,0.5104886673114779,False,0.26279420824085475,False,,,False,,False,False
D6,contact_without_item_share,cont,higher,контакт без карточки,0.84346093502776,0.4902442978310806,False,0.9857314541890689,False,,,False,,False,False
D7,fav_per_item,cont,two,избранное на карточку,2.7294429456667637e-15,0.3979981269768875,True,9.45557020463129e-15,True,1.116004105457387e-14,0.390625322293866,True,2.1032385064389215e-14,True,True
D8,login_gt_1,flag,higher,больше одного входа,0.9920955050851602,0.0532994923857868,False,1.0,False,,,False,,False,False
D8,n_login,cont,two,число входов,0.0002067376485052964,0.46095821495879685,False,0.00036461003463661364,False,,,False,,False,False
D10,event_type_entropy,cont,lower,энтропия типов событий,4.31641913387801e-07,0.43306638447749884,True,1.021201599966261e-06,True,5.227452648581757e-08,0.4207912546461884,True,7.53368175825018e-08,True,True
D11,bigram_serp_serp,cont,higher,выдача за выдачей,2.1755782316218406e-12,0.5952539345888136,True,6.394881468706622e-12,True,4.41978783205638e-06,0.5668823128750544,True,6.015822326965628e-06,True,True
D11,bigram_item_item,cont,higher,карточка за карточкой,1.3311843513589898e-16,0.613820554897935,True,5.164995283272881e-16,True,5.91587546903612e-15,0.617632841812488,True,1.1595115919310796e-14,True,True
D11,bigram_item_photo,cont,lower,фото после карточки,0.0003546509151623102,0.45555180220446123,False,0.0005830701486566795,False,,,False,,False,False
D11,bigram_photo_photo,cont,lower,фото за фото,0.00015547952521337177,0.4640076631092426,False,0.0002792872952906863,False,,,False,,False,False
D12,dup_share,cont,higher,повторы за 5 секунд,2.977395989869509e-09,0.5572962712910342,True,7.600195026772168e-09,True,3.200946801197516e-05,0.5432528681575723,False,4.021702391248161e-05,False,False
D13,first_is_item_no_search,flag,higher,первое событие карточка без поиска,0.025680248997092463,0.0981651376146789,False,0.03663211989291131,False,,,False,,False,False
D13,first_item_random_id,flag,higher,первая карточка одноразовая,0.00034656878567555067,0.10583941605839416,False,0.0005796064174229037,False,,,False,,False,False
D14,max_search_page,cont,higher,максимальная страница выдачи,5.284756391170456e-59,0.7229190548322826,True,7.323162427764775e-58,True,4.774189217961053e-36,0.689062980030722,True,2.1266842880008328e-35,True,True
D14,page_ge_10_any,flag,higher,есть страница не меньше 10,1.9806172133195286e-68,0.33079847908745247,True,4.802996742299857e-67,True,2.8441749331319005e-38,0.2650862068965517,True,1.3936457172346313e-37,True,True
D15,page_step_eq_1_share,cont,higher,шаг страниц равен 1,0.009567286920092037,0.529322752835764,False,0.014277335865368118,False,,,False,,False,False
D15,page_run_max,cont,higher,длина цепочки страниц,3.0085951716299146e-17,0.5494333224160048,False,1.2159738818670903e-16,False,,,False,,False,False
D16,max_query_repeats,cont,higher,повторы запроса,3.677976669854614e-30,0.628392261319905,True,2.09861021750528e-29,True,7.360731282930163e-25,0.6269440505730828,True,2.4045055524238533e-24,True,True
D16,query_repeat_cv,cont,lower,разброс периода повторов,0.7658034541635386,0.5419787150177375,False,0.9402903171375094,False,,,False,,False,False
D18,udist_n_distinct_queries,cont,higher,расстояние числа запросов,8.030048426720719e-06,0.5582985343486448,True,1.693292820417195e-05,True,0.0001699787829214882,0.553214581117807,True,0.0001983085800750696,True,True
D19,query_overlap_mean,cont,lower,пересечение соседних запросов,0.991249009469177,0.51934898559336,False,1.0,False,,,False,,False,False
E1,udist_n_categories,cont,higher,расстояние числа категорий,0.9999999978153629,0.42795451422160763,False,1.0,False,,,False,,False,False
E1,n_categories,ks,two,форма числа категорий,2.1218853126985368e-14,0.18796547077024228,True,7.097340528681313e-14,True,3.977219521927123e-10,0.1714572426908908,True,6.496125219147634e-10,True,True
E2,n_locations,cont,higher,число локаций,2.31768247803185e-53,0.7076533701497333,True,2.4979466707676607e-52,True,6.196128431314932e-48,0.7149952764611,True,4.3372899019204524e-47,True,True
E3,private_seller_share,cont,two,доля частных продавцов,1.599945059529336e-08,0.4223234304815101,True,3.87986676935864e-08,True,0.1026927592275002,0.47557014907071365,False,0.1026927592275002,False,False
E4,n_items,cont,higher,число объявлений,1.1458207405161407e-35,0.6684711645433205,True,7.409640788671043e-35,True,8.35191919876891e-28,0.6615022297578825,True,2.9231717195691183e-27,True,True
E4,items_per_min,cont,higher,объявлений в минуту,1.1112076029311419e-11,0.591467941570611,True,3.170209926009434e-11,True,6.735459739242709e-12,0.6009388107515932,True,1.178705454367474e-11,True,True
E5,item_revisit_share,cont,lower,повторные просмотры,0.8047495511968874,0.5115941901757879,False,0.96195640192047,False,,,False,,False,False
E6,item_id_monotone_share,cont,higher,монотонность item_id,0.7259913166985386,0.49131479746256035,False,0.9145604898669902,False,,,False,,False,False
E7,items_shared_cookies_mean,cont,higher,общие объявления с другими куками,1.0847565228230978e-94,0.7804810044061472,True,5.261069135692025e-93,True,8.520062198251592e-87,0.7936337838573396,True,4.1748304771432804e-85,True,True
E7,neighbor_jaccard_max,cont,higher,максимальный Жаккар с соседом,0.0006874917549276099,0.5434523013807273,False,0.001111445003799636,False,,,False,,False,False
E7,neighbor_bot_rate_oof,cont,higher,доля ботов среди соседей,3.373640852148705e-111,0.7821803092073363,True,3.2724316265842437e-109,True,6.2501048027163536e-86,0.7745806281607068,True,1.5312756766655067e-84,True,True
E8,cat_loc_grid_ratio,cont,lower,решётка категория и локация,4.7615564915276205e-11,0.4132702046845326,True,1.3196313705090834e-10,True,5.35062017781448e-07,0.42845414417356104,True,7.490868248940271e-07,True,True
F1,pointer_missing_share_web,cont,higher,веб без курсора,1.5310303572447817e-19,0.6477874145703874,True,6.456954115336689e-19,True,1.684238846011659e-20,0.6627434008676396,True,3.93881106204136e-20,True,True
F2,pointer_zero_share,cont,higher,"точка (0, 0)",8.355653170805571e-06,0.5070522619145638,False,1.7244645905705114e-05,False,,,False,,False,False
F2,pointer_top1_share,cont,higher,одна фиксированная точка,0.9999999995366639,0.3441145831468839,False,1.0,False,,,False,,False,False
F3,pointer_unique_ratio,cont,lower,уникальные позиции,0.0002390612139179957,0.43921451405619616,True,0.00040682346929904527,True,0.006124165658929281,0.45106002477720497,False,0.0066685359397229945,False,False
F4,pointer_repeat_share,cont,higher,повтор координат,0.0002390612139179957,0.5607854859438038,True,0.00040682346929904527,True,0.006124165658929281,0.548939975222795,False,0.0066685359397229945,False,False
F5,udist_jump_dist_median,cont,higher,расстояние прыжков от людей,3.093367751595241e-44,0.8560209522946313,True,2.7277879264067124e-43,True,1.1615201958183659e-33,0.8362521347616829,True,4.7428741329249945e-33,True,True
F5,jump_zero_share,cont,higher,нулевые прыжки,0.002614734564817338,0.5495993081361975,False,0.004025861155353679,False,,,False,,False,False
F5,jump_gt_500_share,cont,higher,прыжки больше 500 px,1.0,0.08891507296292939,False,1.0,False,,,False,,False,False
F6,pointer_bbox_area_log,cont,lower,площадь охвата,1.4748082045753081e-36,0.17957672109199085,True,1.1004338141831146e-35,True,1.1393339154096746e-29,0.1859938856252248,True,4.294412450390312e-29,True,True
F6,pointer_std_x,cont,lower,разброс по x,4.653225233274604e-57,0.09542211546378467,True,5.642035595345458e-56,True,6.904470803479043e-46,0.10450885185629222,True,4.228988367130914e-45,True,True
F7,viewport_default_flag,flag,higher,стандартный размер окна,0.9998134618869573,0.025510204081632654,False,1.0,False,,,False,,False,False
F7,max_x,ks,two,форма максимума x,5.245729537488341e-71,0.7368897735042582,True,1.6961192171212301e-69,True,1.9812659456429593e-53,0.7050913159892899,True,2.4270507834126254e-52,True,True
F10,pointer_valid_share_var,cont,higher,смесь событий с курсором и без,0.9997221878100123,0.45041648666910356,False,1.0,False,,,False,,False,False
F11,collinear_triplet_share,cont,higher,коллинеарные тройки,0.02334508496917745,0.5375369477672638,False,0.03379810808970467,False,,,False,,False,False
F12,pointer_by_class_eta2_x,cont,lower,зависимость координат от типа события,2.0736147339678723e-05,0.36515680528711264,True,4.0228125838976726e-05,True,0.0002030749285134795,0.37078749781735637,True,0.0002314109650502441,True,True
F13,coord_round10_share,cont,higher,координаты кратны 10,1.5279164224288668e-09,0.5952395442162502,True,4.005618729070273e-09,True,3.485209212929312e-13,0.6177017144227311,True,6.325009312353197e-13,True,True
F13,coord_half_share,cont,higher,координаты с половиной,,,False,,False,,,False,,False,False
