model,chrono_p_at_r70,cv_oof_p_at_r70,cv_folds_mean,cv_folds_std,cv_oof_pr_auc,seconds
logreg,0.795,0.7935,0.8075,0.035,0.7689,1.0964
random_forest,0.872,0.8702,0.8753,0.0208,0.793,24.625
lightgbm,0.8614,0.8702,0.8717,0.0329,0.8142,6.1956
xgboost,0.8512,0.8634,0.8631,0.0306,0.8132,7.44
catboost,0.8773,0.8766,0.881,0.0224,0.8202,55.4637
blend:lgb+cat+xgb,0.8827,0.875,,,0.8195,0.0
blend:lgb+cat+xgb+rf,0.8966,0.8714,,,0.8181,0.0
blend:lgb+rf,0.8913,0.8741,,,0.8105,0.0
blend:cat+rf,0.8882,0.8813,,,0.8144,0.0
